tick,v_mut,sc_mode,sc_out_j,sc_heat_j,bank_j,overflow_j,scv_active,scv_heat_j,ch_a_j,ch_b_j,ch_c_j,vics_out_j,vics_heat_j,battery_j,battery_cap,soh_pct,device2,sc2_to_bank_j,sc2_heat_j,device3,sc3_to_bank_j,sc3_heat_j
1,121.77,trickle,3.0,1.0,160.179,0.0,0,0.0,30.0,60.0,26.0,13.58,0.42,54.58,250.0,100.0,1,2.288,0.156,1,4.891,0.398
2,145.39,boost,16.935,1.473,184.294,0.0,0,0.0,30.0,60.0,12.0,13.58,0.42,59.16,250.0,100.0,1,2.288,0.156,1,4.891,0.398
3,124.7,boost,3.135,0.273,194.608,0.0,0,0.0,30.0,52.0,6.0,13.58,0.42,63.74,250.0,100.0,1,2.288,0.156,1,4.891,0.398
4,125.59,boost,3.73,0.324,205.517,0.0,0,0.0,30.0,38.0,6.0,13.58,0.42,68.32,250.0,100.0,1,2.288,0.156,1,4.891,0.398
5,125.98,boost,3.992,0.347,216.688,0.0,0,0.0,30.0,25.0,5.0,13.58,0.42,72.9,250.0,100.0,1,2.288,0.156,1,4.891,0.398
6,125.84,boost,3.897,0.339,227.765,0.0,0,0.0,30.0,25.0,0.0,4.85,0.15,68.75,250.0,100.0,1,2.288,0.156,1,4.891,0.398
7,158.93,boost,25.968,2.258,260.913,0.0,0,0.0,30.0,25.0,0.0,0.0,0.0,59.75,250.0,100.0,1,2.288,0.156,1,4.891,0.398
8,141.54,boost,14.37,1.25,282.462,0.0,0,0.0,30.0,25.0,0.0,0.0,0.0,50.75,250.0,100.0,1,2.288,0.156,1,4.891,0.398
9,122.56,trickle,3.0,1.0,290.37,0.0,0,0.0,30.0,25.0,0.0,0.0,0.0,45.0,250.0,100.0,1,2.288,0.156,1,2.62,0.213
10,136.75,boost,11.175,0.972,300.0,1.545,0,0.0,30.0,25.0,0.0,1.788,0.23,44.788,250.0,100.0,1,2.288,0.156,0,0.0,0.0
11,119.05,trickle,3.0,1.0,300.0,3.0,0,0.0,30.0,25.0,0.0,3.473,0.446,45.0,250.0,100.0,1,2.288,0.156,1,0.328,0.098
12,117.34,trickle,3.0,1.0,300.0,3.0,0,0.0,30.0,25.0,0.0,3.473,0.446,45.0,250.0,100.0,1,2.288,0.156,1,0.383,0.115
13,115.87,trickle,3.0,1.0,300.0,3.0,0,0.0,30.0,25.0,0.0,3.473,0.446,45.0,250.0,100.0,1,2.288,0.156,1,0.383,0.115
14,114.77,trickle,3.0,1.0,300.0,3.0,0,0.0,30.0,25.0,0.0,3.473,0.446,45.0,250.0,100.0,1,2.288,0.156,1,0.383,0.115
15,114.13,trickle,3.0,1.0,300.0,3.0,0,0.0,30.0,25.0,0.0,3.473,0.446,45.0,250.0,100.0,1,2.288,0.156,1,0.383,0.115
16,178.49,boost,39.012,3.392,300.0,39.012,0,0.0,30.0,51.558,6.0,13.58,4.823,49.58,250.0,100.0,1,2.288,0.156,1,4.891,0.398
17,114.45,trickle,3.0,1.0,300.0,3.0,0,0.0,30.0,41.138,6.0,13.58,0.759,54.16,250.0,100.0,1,2.288,0.156,1,4.891,0.398
18,115.36,trickle,3.0,1.0,300.0,3.0,0,0.0,30.0,30.718,6.0,13.58,0.759,58.74,250.0,100.0,1,2.288,0.156,1,4.891,0.398
19,193.27,boost,48.873,4.25,300.0,48.873,0,0.0,30.0,60.0,21.045,13.58,5.936,63.32,250.0,100.0,1,2.288,0.156,1,4.891,0.398
20,118.32,trickle,3.0,1.0,300.0,3.0,0,0.0,30.0,60.0,10.625,13.58,0.759,67.9,250.0,100.0,1,2.288,0.156,1,4.891,0.398
21,127.84,boost,5.228,0.455,300.0,5.228,0,0.0,30.0,56.864,6.0,13.58,1.01,72.48,250.0,100.0,1,2.288,0.156,1,4.891,0.398
22,121.87,trickle,3.0,1.0,300.0,3.0,0,0.0,30.0,46.444,6.0,13.58,0.759,77.06,250.0,100.0,1,2.288,0.156,1,4.891,0.398
23,123.47,trickle,3.0,1.0,300.0,3.0,0,0.0,30.0,36.025,6.0,13.58,0.759,81.64,250.0,100.0,1,2.288,0.156,1,4.891,0.398
24,124.76,boost,3.176,0.276,300.0,3.176,0,0.0,30.0,25.815,6.0,13.58,0.778,86.22,250.0,100.0,1,2.288,0.156,1,4.891,0.398
25,125.63,boost,3.754,0.326,300.0,3.754,0,0.0,30.0,25.0,0.0,10.956,0.763,88.176,250.0,100.0,1,2.288,0.156,1,4.891,0.398
26,125.99,boost,3.996,0.347,300.0,3.996,0,0.0,30.0,25.0,0.0,4.626,0.594,83.802,250.0,100.0,1,2.288,0.156,1,4.891,0.398
27,125.82,boost,3.881,0.338,300.0,3.881,0,0.0,30.0,25.0,0.0,4.493,0.577,79.296,250.0,100.0,1,2.288,0.156,1,4.891,0.398
28,125.13,boost,3.42,0.297,300.0,3.42,0,0.0,30.0,25.0,0.0,3.959,0.508,74.255,250.0,100.0,1,2.288,0.156,1,4.891,0.398
29,123.98,trickle,3.0,1.0,300.0,3.0,0,0.0,30.0,25.0,0.0,3.473,0.446,68.728,250.0,100.0,1,2.288,0.156,1,4.891,0.398
30,122.47,trickle,3.0,1.0,300.0,3.0,0,0.0,30.0,25.0,0.0,3.473,0.446,63.201,250.0,100.0,1,2.288,0.156,1,4.891,0.398
31,120.75,trickle,3.0,1.0,300.0,3.0,0,0.0,30.0,25.0,0.0,3.473,0.446,57.673,250.0,100.0,1,2.288,0.156,1,4.891,0.398
32,118.95,trickle,3.0,1.0,300.0,3.0,0,0.0,30.0,25.0,0.0,3.473,0.446,52.146,250.0,100.0,1,2.288,0.156,1,4.891,0.398
33,117.25,trickle,3.0,1.0,300.0,3.0,0,0.0,30.0,25.0,0.0,3.473,0.446,46.619,250.0,100.0,1,2.288,0.156,1,4.891,0.398
34,115.8,trickle,3.0,1.0,300.0,3.0,0,0.0,30.0,25.0,0.0,3.473,0.446,45.0,250.0,100.0,1,2.288,0.156,1,2.161,0.176
35,132.95,boost,8.64,0.751,300.0,8.64,0,0.0,30.0,25.0,0.0,10.002,1.284,46.002,250.0,100.0,1,2.288,0.156,1,4.891,0.398
36,114.11,trickle,3.0,1.0,300.0,3.0,0,0.0,30.0,25.0,0.0,3.473,0.446,45.0,250.0,100.0,1,2.288,0.156,1,1.729,0.141
37,132.66,boost,8.442,0.734,300.0,8.442,0,0.0,30.0,25.0,0.0,9.772,1.255,45.772,250.0,100.0,1,2.288,0.156,1,4.891,0.398
38,136.72,boost,11.154,0.97,300.0,11.154,0,0.0,30.0,25.0,0.0,12.912,1.658,49.684,250.0,100.0,1,2.288,0.156,1,4.891,0.398
39,115.43,trickle,3.0,1.0,300.0,3.0,0,0.0,30.0,25.0,0.0,3.473,0.446,45.0,250.0,100.0,1,2.288,0.156,1,4.302,0.35
40,116.78,trickle,3.0,1.0,300.0,3.0,0,0.0,30.0,25.0,0.0,3.473,0.446,45.0,250.0,100.0,1,2.288,0.156,1,0.383,0.115
41,118.42,trickle,3.0,1.0,300.0,3.0,0,0.0,30.0,25.0,0.0,3.473,0.446,45.0,250.0,100.0,1,2.288,0.156,1,0.383,0.115
42,120.2,trickle,3.0,1.0,300.0,3.0,0,0.0,30.0,25.0,0.0,3.473,0.446,45.0,250.0,100.0,1,2.288,0.156,1,0.383,0.115
43,121.96,trickle,3.0,1.0,300.0,3.0,0,0.0,30.0,25.0,0.0,3.473,0.446,45.0,250.0,100.0,1,2.288,0.156,1,0.383,0.115
44,123.55,trickle,3.0,1.0,300.0,3.0,0,0.0,30.0,25.0,0.0,3.473,0.446,45.0,250.0,100.0,1,2.288,0.156,1,0.383,0.115
45,124.82,boost,3.217,0.28,300.0,3.217,0,0.0,30.0,25.0,0.0,3.724,0.478,45.0,250.0,100.0,1,2.288,0.156,1,1.204,0.098
46,125.66,boost,3.777,0.328,300.0,3.777,0,0.0,30.0,25.0,0.0,4.372,0.561,45.0,250.0,100.0,1,2.288,0.156,1,1.657,0.135
47,184.33,boost,42.905,3.731,300.0,42.905,0,0.0,30.0,56.204,6.0,13.58,5.262,49.58,250.0,100.0,1,2.288,0.156,1,4.891,0.398
48,156.15,boost,24.112,2.097,300.0,24.112,0,0.0,30.0,60.0,16.981,13.58,3.141,54.16,250.0,100.0,1,2.288,0.156,1,4.891,0.398
49,125.07,boost,3.385,0.294,300.0,3.385,0,0.0,30.0,60.0,7.02,13.58,0.802,58.74,250.0,100.0,1,2.288,0.156,1,4.891,0.398
50,123.9,trickle,3.0,1.0,300.0,3.0,0,0.0,30.0,50.6,6.0,13.58,0.759,63.32,250.0,100.0,1,2.288,0.156,1,4.891,0.398
51,122.38,trickle,3.0,1.0,300.0,3.0,0,0.0,30.0,40.18,6.0,13.58,0.759,67.9,250.0,100.0,1,2.288,0.156,1,4.891,0.398
52,120.65,trickle,3.0,1.0,300.0,3.0,0,0.0,30.0,29.761,6.0,13.58,0.759,72.48,250.0,100.0,1,2.288,0.156,1,4.891,0.398
53,118.85,trickle,3.0,1.0,300.0,3.0,0,0.0,30.0,25.0,0.341,13.58,0.759,77.06,250.0,100.0,1,2.288,0.156,1,4.891,0.398
54,117.17,trickle,3.0,1.0,300.0,3.0,0,0.0,30.0,25.0,0.0,3.804,0.456,71.864,250.0,100.0,1,2.288,0.156,1,4.891,0.398
55,115.73,trickle,3.0,1.0,300.0,3.0,0,0.0,30.0,25.0,0.0,3.473,0.446,66.337,250.0,100.0,1,2.288,0.156,1,4.891,0.398
56,139.91,boost,13.281,1.155,300.0,13.281,0,0.0,30.0,25.0,1.849,13.58,1.919,70.917,250.0,100.0,1,2.288,0.156,1,4.891,0.398
57,114.1,trickle,3.0,1.0,300.0,3.0,0,0.0,30.0,25.0,0.0,5.267,0.501,67.183,250.0,100.0,1,2.288,0.156,1,4.891,0.398
58,114.04,trickle,3.0,1.0,300.0,3.0,0,0.0,30.0,25.0,0.0,3.473,0.446,61.656,250.0,100.0,1,2.288,0.156,1,4.891,0.398
59,114.52,trickle,3.0,1.0,300.0,3.0,0,0.0,30.0,25.0,0.0,3.473,0.446,56.129,250.0,100.0,1,2.288,0.156,1,4.891,0.398
60,115.49,trickle,3.0,1.0,300.0,3.0,0,0.0,30.0,25.0,0.0,3.473,0.446,50.602,250.0,100.0,1,2.288,0.156,1,4.891,0.398
61,116.87,trickle,3.0,1.0,300.0,3.0,0,0.0,30.0,25.0,0.0,3.473,0.446,45.075,250.0,100.0,1,2.288,0.156,1,4.891,0.398
62,118.52,trickle,3.0,1.0,300.0,3.0,0,0.0,30.0,25.0,0.0,3.473,0.446,45.0,250.0,100.0,1,2.288,0.156,1,1.081,0.088
63,120.3,trickle,3.0,1.0,300.0,3.0,0,0.0,30.0,25.0,0.0,3.473,0.446,45.0,250.0,100.0,1,2.288,0.156,1,0.383,0.115
64,122.06,trickle,3.0,1.0,300.0,3.0,0,0.0,30.0,25.0,0.0,3.473,0.446,45.0,250.0,100.0,1,2.288,0.156,1,0.383,0.115
65,123.63,trickle,3.0,1.0,300.0,3.0,0,0.0,30.0,25.0,0.0,3.473,0.446,45.0,250.0,100.0,1,2.288,0.156,1,0.383,0.115
66,124.88,boost,3.256,0.283,300.0,3.256,0,0.0,30.0,25.0,0.0,3.77,0.484,45.0,250.0,100.0,1,2.288,0.156,1,1.236,0.101
67,125.69,boost,3.798,0.33,300.0,3.798,0,0.0,30.0,25.0,0.0,4.397,0.565,45.0,250.0,100.0,1,2.288,0.156,1,1.675,0.136
68,126.0,boost,4.001,0.348,300.0,4.001,0,0.0,30.0,25.0,0.0,4.632,0.595,45.0,250.0,100.0,1,2.288,0.156,1,1.839,0.15
69,125.77,boost,3.847,0.334,300.0,3.847,0,0.0,30.0,25.0,0.0,4.453,0.572,45.0,250.0,100.0,1,2.288,0.156,1,1.714,0.14
70,125.02,boost,3.348,0.291,300.0,3.348,0,0.0,30.0,25.0,0.0,3.876,0.498,45.0,250.0,100.0,1,2.288,0.156,1,1.311,0.107
71,123.82,trickle,3.0,1.0,300.0,3.0,0,0.0,30.0,25.0,0.0,3.473,0.446,45.0,250.0,100.0,1,2.288,0.156,1,0.383,0.115
72,122.29,trickle,3.0,1.0,300.0,3.0,0,0.0,30.0,25.0,0.0,3.473,0.446,45.0,250.0,100.0,1,2.288,0.156,1,0.383,0.115
73,120.55,trickle,3.0,1.0,300.0,3.0,0,0.0,30.0,25.0,0.0,3.473,0.446,45.0,250.0,100.0,1,2.288,0.156,1,0.383,0.115
74,118.76,trickle,3.0,1.0,300.0,3.0,0,0.0,30.0,25.0,0.0,3.473,0.446,45.0,250.0,100.0,1,2.288,0.156,1,0.383,0.115
75,117.08,trickle,3.0,1.0,300.0,3.0,0,0.0,30.0,25.0,0.0,3.473,0.446,45.0,250.0,100.0,1,2.288,0.156,1,0.383,0.115
76,119.43,trickle,3.0,1.0,300.0,3.0,0,0.0,30.0,25.0,0.0,3.473,0.446,45.0,250.0,100.0,1,2.288,0.156,1,0.383,0.115
77,164.82,boost,29.898,2.6,300.0,29.898,0,0.0,30.0,40.681,6.0,13.58,3.794,49.58,250.0,100.0,1,2.288,0.156,1,4.891,0.398
78,114.08,trickle,3.0,1.0,300.0,3.0,0,0.0,30.0,30.261,6.0,13.58,0.759,54.16,250.0,100.0,1,2.288,0.156,1,4.891,0.398
79,114.06,trickle,3.0,1.0,300.0,3.0,0,0.0,30.0,25.0,0.842,13.58,0.759,58.74,250.0,100.0,1,2.288,0.156,1,4.891,0.398
80,145.1,boost,16.739,1.456,300.0,16.739,0,0.0,30.0,25.818,6.0,13.58,2.309,63.32,250.0,100.0,1,2.288,0.156,1,4.891,0.398
81,115.56,trickle,3.0,1.0,300.0,3.0,0,0.0,30.0,25.0,0.0,10.087,0.651,64.407,250.0,100.0,1,2.288,0.156,1,4.891,0.398
82,116.95,trickle,3.0,1.0,300.0,3.0,0,0.0,30.0,25.0,0.0,3.473,0.446,58.88,250.0,100.0,1,2.288,0.156,1,4.891,0.398
83,118.62,trickle,3.0,1.0,300.0,3.0,0,0.0,30.0,25.0,0.0,3.473,0.446,53.352,250.0,100.0,1,2.288,0.156,1,4.891,0.398
84,120.4,trickle,3.0,1.0,300.0,3.0,0,0.0,30.0,25.0,0.0,3.473,0.446,47.825,250.0,100.0,1,2.288,0.156,1,4.891,0.398
85,179.81,boost,39.895,3.469,300.0,39.895,0,0.0,30.0,52.611,6.0,13.58,4.923,52.405,250.0,100.0,1,2.288,0.156,1,4.891,0.398
86,123.71,trickle,3.0,1.0,300.0,3.0,0,0.0,30.0,42.192,6.0,13.58,0.759,56.985,250.0,100.0,1,2.288,0.156,1,4.891,0.398
87,124.94,boost,3.295,0.287,300.0,3.295,0,0.0,30.0,32.124,6.0,13.58,0.792,61.565,250.0,100.0,1,2.288,0.156,1,4.891,0.398
88,125.73,boost,3.819,0.332,300.0,3.819,0,0.0,30.0,25.0,3.682,13.58,0.851,66.145,250.0,100.0,1,2.288,0.156,1,4.891,0.398
89,126.0,boost,4.002,0.348,300.0,4.002,0,0.0,30.0,25.0,0.0,8.204,0.705,65.349,250.0,100.0,1,2.288,0.156,1,4.891,0.398
90,160.52,boost,27.026,2.35,300.0,27.026,0,0.0,30.0,37.254,6.0,13.58,3.47,69.929,250.0,100.0,1,2.288,0.156,1,4.891,0.398
91,124.96,boost,3.311,0.288,300.0,3.311,0,0.0,30.0,27.205,6.0,13.58,0.794,74.509,250.0,100.0,1,2.288,0.156,1,4.891,0.398
92,123.75,trickle,3.0,1.0,300.0,3.0,0,0.0,30.0,25.0,0.0,11.432,0.692,76.941,250.0,100.0,1,2.288,0.156,1,4.891,0.398
93,122.19,trickle,3.0,1.0,300.0,3.0,0,0.0,30.0,25.0,0.0,3.473,0.446,71.414,250.0,100.0,1,2.288,0.156,1,4.891,0.398
94,120.45,trickle,3.0,1.0,300.0,3.0,0,0.0,30.0,25.0,0.0,3.473,0.446,65.887,250.0,100.0,1,2.288,0.156,1,4.891,0.398
95,118.66,trickle,3.0,1.0,300.0,3.0,0,0.0,30.0,25.0,0.0,3.473,0.446,60.36,250.0,100.0,1,2.288,0.156,1,4.891,0.398
96,190.0,boost,46.69,4.06,300.0,46.69,0,0.0,30.0,60.0,6.721,13.58,5.689,64.94,250.0,100.0,1,2.288,0.156,1,4.891,0.398
97,115.59,trickle,3.0,1.0,300.0,3.0,0,0.0,30.0,50.301,6.0,13.58,0.759,69.52,250.0,100.0,1,2.288,0.156,1,4.891,0.398
98,114.58,trickle,3.0,1.0,300.0,3.0,0,0.0,30.0,39.881,6.0,13.58,0.759,74.1,250.0,100.0,1,2.288,0.156,1,4.891,0.398
99,114.06,trickle,3.0,1.0,300.0,3.0,0,0.0,30.0,29.461,6.0,13.58,0.759,78.68,250.0,100.0,1,2.288,0.156,1,4.891,0.398
100,114.07,trickle,3.0,1.0,300.0,3.0,0,0.0,30.0,25.0,0.042,13.58,0.759,83.26,250.0,100.0,1,2.288,0.156,1,4.891,0.398
